-- Seed: Initial zones and postal codes for Grossraum Zuerich/Duebendorf
-- Run this manually after migration: psql -f supabase/seed/zones-zurich.sql
-- This is NOT part of the migration and can be modified without a deployment.

-- ============================================================
-- 1. ZONES
-- ============================================================

INSERT INTO public.zones (id, name, description) VALUES
  ('a0000000-0000-0000-0000-000000000001', 'Duebendorf', 'Duebendorf und Umgebung'),
  ('a0000000-0000-0000-0000-000000000002', 'Zuerich Stadt', 'Zuerich Stadtgebiet'),
  ('a0000000-0000-0000-0000-000000000003', 'Zuerich Nord', 'Zuerich Nord (Oerlikon, Affoltern, Seebach)'),
  ('a0000000-0000-0000-0000-000000000004', 'Zuerich Ost', 'Zuerich Ost (Seefeld, Hottingen, Witikon)'),
  ('a0000000-0000-0000-0000-000000000005', 'Glattal', 'Glattbrugg, Kloten, Bassersdorf, Wallisellen, Dietlikon'),
  ('a0000000-0000-0000-0000-000000000006', 'Winterthur', 'Winterthur und Umgebung')
ON CONFLICT DO NOTHING;

-- ============================================================
-- 2. POSTAL CODES
-- ============================================================

-- Duebendorf: 8600, 8606 (Greifensee), 8607 (Aathal)
INSERT INTO public.zone_postal_codes (zone_id, postal_code) VALUES
  ('a0000000-0000-0000-0000-000000000001', '8600'),
  ('a0000000-0000-0000-0000-000000000001', '8606'),
  ('a0000000-0000-0000-0000-000000000001', '8607')
ON CONFLICT (postal_code) DO NOTHING;

-- Zuerich Stadt: 8001-8064
-- Note: Not all PLZ in this range exist. We include the common ones.
INSERT INTO public.zone_postal_codes (zone_id, postal_code) VALUES
  ('a0000000-0000-0000-0000-000000000002', '8001'),
  ('a0000000-0000-0000-0000-000000000002', '8002'),
  ('a0000000-0000-0000-0000-000000000002', '8003'),
  ('a0000000-0000-0000-0000-000000000002', '8004'),
  ('a0000000-0000-0000-0000-000000000002', '8005'),
  ('a0000000-0000-0000-0000-000000000002', '8006'),
  ('a0000000-0000-0000-0000-000000000002', '8007'),
  ('a0000000-0000-0000-0000-000000000002', '8008'),
  ('a0000000-0000-0000-0000-000000000002', '8009'),
  ('a0000000-0000-0000-0000-000000000002', '8010'),
  ('a0000000-0000-0000-0000-000000000002', '8011'),
  ('a0000000-0000-0000-0000-000000000002', '8012'),
  ('a0000000-0000-0000-0000-000000000002', '8013'),
  ('a0000000-0000-0000-0000-000000000002', '8014'),
  ('a0000000-0000-0000-0000-000000000002', '8015'),
  ('a0000000-0000-0000-0000-000000000002', '8016'),
  ('a0000000-0000-0000-0000-000000000002', '8017'),
  ('a0000000-0000-0000-0000-000000000002', '8018'),
  ('a0000000-0000-0000-0000-000000000002', '8019'),
  ('a0000000-0000-0000-0000-000000000002', '8020'),
  ('a0000000-0000-0000-0000-000000000002', '8021'),
  ('a0000000-0000-0000-0000-000000000002', '8022'),
  ('a0000000-0000-0000-0000-000000000002', '8023'),
  ('a0000000-0000-0000-0000-000000000002', '8024'),
  ('a0000000-0000-0000-0000-000000000002', '8025'),
  ('a0000000-0000-0000-0000-000000000002', '8026'),
  ('a0000000-0000-0000-0000-000000000002', '8027'),
  ('a0000000-0000-0000-0000-000000000002', '8028'),
  ('a0000000-0000-0000-0000-000000000002', '8029'),
  ('a0000000-0000-0000-0000-000000000002', '8030'),
  ('a0000000-0000-0000-0000-000000000002', '8031'),
  ('a0000000-0000-0000-0000-000000000002', '8032'),
  ('a0000000-0000-0000-0000-000000000002', '8033'),
  ('a0000000-0000-0000-0000-000000000002', '8034'),
  ('a0000000-0000-0000-0000-000000000002', '8035'),
  ('a0000000-0000-0000-0000-000000000002', '8036'),
  ('a0000000-0000-0000-0000-000000000002', '8037'),
  ('a0000000-0000-0000-0000-000000000002', '8038'),
  ('a0000000-0000-0000-0000-000000000002', '8039'),
  ('a0000000-0000-0000-0000-000000000002', '8040'),
  ('a0000000-0000-0000-0000-000000000002', '8041'),
  ('a0000000-0000-0000-0000-000000000002', '8042'),
  ('a0000000-0000-0000-0000-000000000002', '8043'),
  ('a0000000-0000-0000-0000-000000000002', '8044'),
  ('a0000000-0000-0000-0000-000000000002', '8045'),
  ('a0000000-0000-0000-0000-000000000002', '8046'),
  ('a0000000-0000-0000-0000-000000000002', '8047'),
  ('a0000000-0000-0000-0000-000000000002', '8048'),
  ('a0000000-0000-0000-0000-000000000002', '8049'),
  ('a0000000-0000-0000-0000-000000000002', '8050'),
  ('a0000000-0000-0000-0000-000000000002', '8051'),
  ('a0000000-0000-0000-0000-000000000002', '8052'),
  ('a0000000-0000-0000-0000-000000000002', '8053'),
  ('a0000000-0000-0000-0000-000000000002', '8054'),
  ('a0000000-0000-0000-0000-000000000002', '8055'),
  ('a0000000-0000-0000-0000-000000000002', '8056'),
  ('a0000000-0000-0000-0000-000000000002', '8057'),
  ('a0000000-0000-0000-0000-000000000002', '8058'),
  ('a0000000-0000-0000-0000-000000000002', '8059'),
  ('a0000000-0000-0000-0000-000000000002', '8060'),
  ('a0000000-0000-0000-0000-000000000002', '8061'),
  ('a0000000-0000-0000-0000-000000000002', '8062'),
  ('a0000000-0000-0000-0000-000000000002', '8063'),
  ('a0000000-0000-0000-0000-000000000002', '8064')
ON CONFLICT (postal_code) DO NOTHING;

-- Zuerich Nord: 8050, 8051, 8052, 8057
-- Note: These are already in Zuerich Stadt above. The ADR lists them as a
-- separate zone. If you want them as a separate zone, remove them from
-- Zuerich Stadt first. Since a PLZ can only belong to one zone (UNIQUE
-- constraint), we skip these if they already exist via ON CONFLICT.
-- To use the Zuerich Nord zone instead, run:
--   DELETE FROM zone_postal_codes WHERE postal_code IN ('8050','8051','8052','8057');
-- then re-insert with zone_id = 'a0000000-0000-0000-0000-000000000003'.

-- Zuerich Ost: 8008, 8032, 8044, 8053
-- Same note as Zuerich Nord: these overlap with Zuerich Stadt.

-- Glattal: 8152, 8302, 8303, 8304, 8305
INSERT INTO public.zone_postal_codes (zone_id, postal_code) VALUES
  ('a0000000-0000-0000-0000-000000000005', '8152'),
  ('a0000000-0000-0000-0000-000000000005', '8302'),
  ('a0000000-0000-0000-0000-000000000005', '8303'),
  ('a0000000-0000-0000-0000-000000000005', '8304'),
  ('a0000000-0000-0000-0000-000000000005', '8305')
ON CONFLICT (postal_code) DO NOTHING;

-- Winterthur: 8400-8411
INSERT INTO public.zone_postal_codes (zone_id, postal_code) VALUES
  ('a0000000-0000-0000-0000-000000000006', '8400'),
  ('a0000000-0000-0000-0000-000000000006', '8401'),
  ('a0000000-0000-0000-0000-000000000006', '8402'),
  ('a0000000-0000-0000-0000-000000000006', '8403'),
  ('a0000000-0000-0000-0000-000000000006', '8404'),
  ('a0000000-0000-0000-0000-000000000006', '8405'),
  ('a0000000-0000-0000-0000-000000000006', '8406'),
  ('a0000000-0000-0000-0000-000000000006', '8407'),
  ('a0000000-0000-0000-0000-000000000006', '8408'),
  ('a0000000-0000-0000-0000-000000000006', '8409'),
  ('a0000000-0000-0000-0000-000000000006', '8410'),
  ('a0000000-0000-0000-0000-000000000006', '8411')
ON CONFLICT (postal_code) DO NOTHING;

-- ============================================================
-- 3. SAMPLE FARE VERSION + RULES (optional, remove if not needed)
-- ============================================================

INSERT INTO public.fare_versions (id, name, valid_from, valid_to, is_active) VALUES
  ('b0000000-0000-0000-0000-000000000001', 'Tarif 2026', '2026-01-01', NULL, true)
ON CONFLICT DO NOTHING;

-- Sample fare rules: Duebendorf <-> Zuerich Stadt
INSERT INTO public.fare_rules (fare_version_id, from_zone_id, to_zone_id, base_price, price_per_km) VALUES
  ('b0000000-0000-0000-0000-000000000001', 'a0000000-0000-0000-0000-000000000001', 'a0000000-0000-0000-0000-000000000001', 15.00, 2.50),
  ('b0000000-0000-0000-0000-000000000001', 'a0000000-0000-0000-0000-000000000001', 'a0000000-0000-0000-0000-000000000002', 25.00, 2.50),
  ('b0000000-0000-0000-0000-000000000001', 'a0000000-0000-0000-0000-000000000002', 'a0000000-0000-0000-0000-000000000001', 25.00, 2.50),
  ('b0000000-0000-0000-0000-000000000001', 'a0000000-0000-0000-0000-000000000002', 'a0000000-0000-0000-0000-000000000002', 15.00, 2.50),
  ('b0000000-0000-0000-0000-000000000001', 'a0000000-0000-0000-0000-000000000001', 'a0000000-0000-0000-0000-000000000005', 20.00, 2.50),
  ('b0000000-0000-0000-0000-000000000001', 'a0000000-0000-0000-0000-000000000005', 'a0000000-0000-0000-0000-000000000001', 20.00, 2.50),
  ('b0000000-0000-0000-0000-000000000001', 'a0000000-0000-0000-0000-000000000001', 'a0000000-0000-0000-0000-000000000006', 40.00, 3.00),
  ('b0000000-0000-0000-0000-000000000001', 'a0000000-0000-0000-0000-000000000006', 'a0000000-0000-0000-0000-000000000001', 40.00, 3.00)
ON CONFLICT DO NOTHING;
